{
  "clients": [
    {
      "id": 1,
      "name": "Мария",
      "lastName": "Александрова"
    },
    {
      "name": "Жанна",
      "lastName": "Агузарова",
      "id": 2
    },
    {
      "name": "Анна",
      "lastName": "Михайлова",
      "id": 3
    }
  ],
  "services": [
    {
      "id": 1,
      "name": "Маникюр",
      "description": "Описание для маникюр",
      "price": 1300
    },
    {
      "id": 2,
      "name": "Педикюр",
      "description": "Описание для педикюр",
      "price": 1600
    },
    {
      "id": 3,
      "name": "Снятие",
      "description": "Описание для снятия",
      "price": 500
    }
  ]
}